# date: 06-Jun-2025 07:58:48
# dateEnd: 06-Jun-2025 09:29:25
# hostsystem: Unix
# matlabversion: 24.2.0.2712019 (R2024b)
# coraversion: CORA v2025.1.1
# testSuite: long

                              fname                             ; ok ;    seed    ;  time  ; checkTime 

 testLong_linParamSys_F                                         ;  1 ; 3487220280 ;   4.19 ;         0 
 testLong_linParamSys_reach_01_rlc_const                        ;  1 ;  415409518 ;  28.22 ;         1 
 testLong_linearSys_generateRandom                              ;  1 ; 2191910344 ;   5.16 ;         1 
 testLong_linearSys_particularSolution_timeVarying_blocks       ;  1 ;  178343741 ;   4.65 ;         1 
 testLong_linearSys_reach_04_inputTrajectory                    ;  1 ; 2778451340 ;   4.36 ;         1 
 testLong_linearSys_reach_06_5dim_linAlg_all                    ;  1 ;   19462043 ;   1.76 ;         1 
 testLong_linearSys_reach_07_constInput                         ;  1 ; 4217001668 ;   0.33 ;         1 
 testLong_linearSys_reach_08_adaptive                           ;  1 ; 4282137645 ;  12.06 ;         1 
 testLong_linearSys_reach_09_decomp                             ;  1 ;  918640927 ;   1.38 ;         1 
 testLong_linearSys_reach_11_inputTrajectory                    ;  1 ;  540068088 ;   2.83 ;         1 
 testLong_linearSys_simulate                                    ;  1 ;  434216384 ;  63.26 ;         1 
 testLong_linearSys_simulateRandom_01                           ;  1 ; 2867563354 ;   2.66 ;         1 
 testLong_linearSys_simulateRandom_02                           ;  1 ; 1119033453 ;  13.97 ;         1 
 testLong_linearSys_simulateRandom_03                           ;  1 ; 3074729828 ;  23.27 ;         1 
 testLong_linearSys_simulateRandom_04                           ;  1 ;  701657726 ;   0.87 ;         1 
 testLong_linearSysDT_conform_03_gray                           ;  1 ;  525526138 ;  43.18 ;         1 
 testLong_linearSysDT_isconform_04_bruteForce                   ;  1 ;  505522209 ; 113.56 ;         1 
 testLong_linearSysDT_observe_01_vehicle                        ;  1 ; 2356149824 ;   1.86 ;         1 
 testLong_linearSysDT_observe_03_tank                           ;  1 ; 3084323809 ;   0.49 ;         1 
 testLong_linearSysDT_observe_04_FRad_A                         ;  1 ;   49853145 ;   2.31 ;         1 
 testLong_linearSysDT_observe_08_pedestrian                     ;  1 ; 1372785367 ;   2.55 ;         1 
 testLong_linearSysDT_simulateRandom                            ;  1 ;  884979712 ;  21.93 ;         1 
 testLong_nonlinDASys_reach_01_powerSystem_3bus                 ;  1 ; 2478746171 ;  41.71 ;         1 
 testLong_nonlinDASys_reach_output                              ;  1 ; 2360707604 ;  40.47 ;         1 
 testLong_nonlinParamSys_reach_01_tank                          ;  1 ;  721619761 ;  13.80 ;         1 
 testLong_nonlinParamSys_reach_02_tank_certainCase              ;  1 ; 3887695901 ;  20.43 ;         1 
 testLong_nonlinParamSys_reach_03_tank_linearRemainder          ;  1 ; 2831299038 ;   5.62 ;         1 
 testLong_nonlinParamSys_reach_04_VDP_linearRemainder           ;  1 ; 1217454322 ;   5.52 ;         1 
 testLong_nonlinParamSys_reach_output                           ;  1 ; 2919574625 ;  10.91 ;         1 
 testLong_nonlinParamSys_tensorCreation                         ;  1 ; 2977803297 ; 129.66 ;         1 
 testLong_nonlinearARX_conform_03_black                         ;  1 ;  437067147 ;  30.68 ;         0 
 testLong_nonlinearSys_evalNthTensor                            ;  1 ; 2302997105 ;   1.45 ;         1 
 testLong_nonlinearSys_linError                                 ;  1 ; 2756520404 ;   9.13 ;         1 
 testLong_nonlinearSys_reachInner                               ;  1 ; 2803888199 ;  50.47 ;         1 
 testLong_nonlinearSys_reachInner_02_minkdiff                   ;  1 ; 2456660678 ;  20.97 ;         1 
 testLong_nonlinearSys_reach_03_vanDerPol                       ;  1 ;  365624056 ;  74.22 ;         1 
 testLong_nonlinearSys_reach_05_autonomousCar                   ;  1 ;  411909100 ;   8.73 ;         1 
 testLong_nonlinearSys_reach_06_autonomousCar_SRX               ;  1 ; 2143533779 ;  14.02 ;         1 
 testLong_nonlinearSys_reach_06_tank_linearRemainder            ;  1 ; 1530762487 ;   8.14 ;         1 
 testLong_nonlinearSys_reach_07_VDP_linearRemainder             ;  1 ; 1097593708 ;  17.13 ;         1 
 testLong_nonlinearSys_reach_output                             ;  1 ; 2858464007 ;   5.29 ;         1 
 testLong_nonlinearSys_reach_poly                               ;  1 ; 2557726445 ;   5.22 ;         1 
 testLong_nonlinearSys_reach_time                               ;  1 ; 3453248955 ;  47.61 ;         1 
 testLong_nonlinearSys_simplifyOptimize                         ;  1 ; 3607815779 ;  15.92 ;         1 
 testLong_nonlinearSys_tensorCreation                           ;  1 ; 1750439751 ; 129.03 ;         1 
 testLong_nonlinearSysDT_conform_03_gray                        ;  1 ; 3071285521 ;  62.20 ;         1 
 testLong_nonlinearSysDT_reach_output                           ;  1 ; 3527812320 ;   0.72 ;         1 
 testLong_nonlinearSysDT_tensorCreation                         ;  1 ;  262551684 ;  78.20 ;         1 
 testLong_capsule_capsule                                       ;  1 ; 1547456152 ;   0.39 ;         0 
 testLong_capsule_center                                        ;  1 ; 3400700820 ;   0.04 ;         1 
 testLong_capsule_contains                                      ;  1 ; 3173386218 ;   5.01 ;         0 
 testLong_capsule_convHull                                      ;  1 ; 2631947004 ;   2.26 ;         1 
 testLong_capsule_dim                                           ;  1 ; 3880525175 ;   0.01 ;         1 
 testLong_capsule_enclosePoints                                 ;  1 ; 1494788058 ;   0.72 ;         1 
 testLong_capsule_isFullDim                                     ;  1 ; 1983482033 ;   0.41 ;         1 
 testLong_capsule_isIntersecting                                ;  1 ; 3595765750 ;   1.46 ;         1 
 testLong_capsule_isequal                                       ;  1 ; 3696452247 ;   0.35 ;         1 
 testLong_capsule_polytope                                      ;  1 ; 1477298053 ;   3.06 ;         1 
 testLong_capsule_radius                                        ;  1 ;  847410174 ;   0.01 ;         1 
 testLong_capsule_randPoint                                     ;  1 ; 3529300534 ;   0.12 ;         1 
 testLong_capsule_supportFunc                                   ;  1 ;  383047230 ;   0.46 ;         1 
 testLong_capsule_volume                                        ;  1 ; 4293744713 ;   0.06 ;         1 
 testLong_conPolyZono_and                                       ;  1 ; 3840554245 ; 106.22 ;         1 
 testLong_conPolyZono_conZonotope                               ;  1 ; 3565775664 ;   7.89 ;         0 
 testLong_conPolyZono_contains                                  ;  1 ; 1125480779 ;   9.47 ;         0 
 testLong_conPolyZono_convHull                                  ;  1 ; 1611535260 ; 161.90 ;         0 
 testLong_conPolyZono_linComb                                   ;  1 ; 3533892681 ;  77.10 ;         0 
 testLong_conPolyZono_or                                        ;  1 ; 3976541724 ; 244.05 ;         0 
 testLong_conPolyZono_plotRandPoint                             ;  1 ; 1356637366 ;  12.42 ;         1 
 testLong_conPolyZono_plus                                      ;  1 ; 1200075742 ;  53.18 ;         0 
 testLong_conPolyZono_quadMap                                   ;  1 ; 1814808124 ; 131.42 ;         1 
 testLong_conPolyZono_reduceConstraints                         ;  1 ;  108499482 ;  37.86 ;         0 
 testLong_conPolyZono_zonotope                                  ;  1 ; 2145412547 ;  55.80 ;         0 
 testLong_conZonotope_center                                    ;  1 ; 2972793190 ;   8.08 ;         1 
 testLong_conZonotope_conIntersect                              ;  1 ; 4180880723 ;   0.06 ;         1 
 testLong_conZonotope_conZonotope                               ;  1 ; 3207487169 ;   0.67 ;         1 
 testLong_conZonotope_contains                                  ;  1 ; 3731686481 ;   2.91 ;         0 
 testLong_conZonotope_cubMap                                    ;  1 ; 4062897330 ;  58.06 ;         0 
 testLong_conZonotope_deleteZeros                               ;  1 ; 2587819804 ;   0.38 ;         1 
 testLong_conZonotope_dim                                       ;  1 ;  215326533 ;   0.05 ;         1 
 testLong_conZonotope_enclose                                   ;  1 ; 1574775305 ;   3.17 ;         1 
 testLong_conZonotope_generators                                ;  1 ; 3175749152 ;   0.44 ;         1 
 testLong_conZonotope_intersectStrip                            ;  1 ;  936074964 ;   9.89 ;         1 
 testLong_conZonotope_interval                                  ;  1 ; 2003288308 ;   0.04 ;         1 
 testLong_conZonotope_isFullDim                                 ;  1 ; 1937347972 ;   0.84 ;         1 
 testLong_conZonotope_mtimes                                    ;  1 ; 1644001227 ;   0.90 ;         1 
 testLong_conZonotope_plot                                      ;  1 ; 2746588086 ;   4.07 ;         1 
 testLong_conZonotope_plotRandPoint                             ;  1 ; 1973612739 ;  55.76 ;         1 
 testLong_conZonotope_plus                                      ;  1 ; 4062625860 ;   0.75 ;         1 
 testLong_conZonotope_polytope                                  ;  1 ; 3873866077 ;   5.46 ;         1 
 testLong_conZonotope_projVertices                              ;  1 ; 3610237621 ;   7.80 ;         1 
 testLong_conZonotope_project                                   ;  1 ; 1121796396 ;  21.36 ;         1 
 testLong_conZonotope_quadMap                                   ;  1 ; 3577370129 ;   0.77 ;         1 
 testLong_conZonotope_randPoint                                 ;  1 ;  593220818 ; 125.38 ;         1 
 testLong_conZonotope_representsa                               ;  1 ; 3318110394 ;   1.15 ;         1 
 testLong_ellipsoid_and                                         ;  1 ;  813261067 ;  13.54 ;         1 
 testLong_ellipsoid_cartProd                                    ;  1 ; 1267610354 ;  41.67 ;         1 
 testLong_ellipsoid_contains                                    ;  1 ; 2214309329 ; 216.33 ;         0 
 testLong_ellipsoid_dim                                         ;  1 ; 2463035220 ;   0.14 ;         1 
 testLong_ellipsoid_distance                                    ;  1 ; 1998142926 ;   1.82 ;         0 
 testLong_ellipsoid_ellipsoid                                   ;  1 ;  479955173 ;   0.43 ;         1 
 testLong_ellipsoid_ellipsoidNorm                               ;  1 ; 2995434689 ;   0.33 ;         1 
 testLong_ellipsoid_enclose                                     ;  1 ; 3567705805 ;  77.31 ;         0 
 testLong_ellipsoid_enclosePoints                               ;  1 ; 1656043254 ;  54.13 ;         0 
 testLong_ellipsoid_generateRandom                              ;  1 ; 3622178883 ;   0.37 ;         1 
 testLong_ellipsoid_interval                                    ;  1 ; 3333004695 ;   0.04 ;         1 
 testLong_ellipsoid_isFullDim                                   ;  1 ; 3791178980 ;   0.14 ;         1 
 testLong_ellipsoid_minkDiff                                    ;  1 ; 3030655196 ;   5.49 ;         0 
 testLong_ellipsoid_norm                                        ;  1 ; 1656026474 ;   0.05 ;         1 
 testLong_ellipsoid_or                                          ;  1 ; 4110213913 ; 329.50 ;         0 
 testLong_ellipsoid_plot                                        ;  1 ; 1738098050 ;   0.23 ;         1 
 testLong_ellipsoid_plus                                        ;  1 ;  114200977 ;   0.22 ;         1 
 testLong_ellipsoid_radius                                      ;  1 ; 4096005451 ;   2.11 ;         1 
 testLong_ellipsoid_randPoint                                   ;  1 ; 3771341300 ;   1.52 ;         1 
 testLong_ellipsoid_rank                                        ;  1 ; 2934557284 ;   0.14 ;         1 
 testLong_ellipsoid_supportFunc                                 ;  1 ; 3808045251 ;   0.29 ;         1 
 testLong_ellipsoid_volume                                      ;  1 ; 3845955661 ;   0.12 ;         1 
 testLong_ellipsoid_zonotope                                    ;  1 ; 1611136313 ; 131.60 ;         1 
 testLong_interval_abs                                          ;  1 ; 1109106171 ;   2.79 ;         1 
 testLong_interval_acos                                         ;  1 ; 1426260816 ;   8.17 ;         1 
 testLong_interval_asin                                         ;  1 ; 3613774564 ;   8.21 ;         1 
 testLong_interval_atan                                         ;  1 ; 4086875284 ;   3.59 ;         1 
 testLong_interval_cartProd                                     ;  1 ; 2585948034 ;   2.79 ;         1 
 testLong_interval_contains                                     ;  1 ; 3037116195 ;   4.81 ;         0 
 testLong_interval_convHull                                     ;  1 ; 2957695969 ;   0.17 ;         1 
 testLong_interval_dim                                          ;  1 ; 3190816187 ;   0.02 ;         1 
 testLong_interval_enclosePoints                                ;  1 ; 2111759003 ;   0.06 ;         1 
 testLong_interval_enlarge                                      ;  1 ;  769724951 ;   0.10 ;         1 
 testLong_interval_eq                                           ;  1 ; 1735021946 ;   1.06 ;         1 
 testLong_interval_interval                                     ;  1 ;  373308301 ;   0.62 ;         1 
 testLong_interval_isFullDim                                    ;  1 ; 1539286237 ;   0.07 ;         1 
 testLong_interval_isIntersecting                               ;  1 ; 3518957373 ;   0.17 ;         1 
 testLong_interval_mpower                                       ;  1 ; 1696957238 ;  21.21 ;         1 
 testLong_interval_norm                                         ;  1 ;  310210865 ;   0.16 ;         1 
 testLong_interval_projVertices                                 ;  1 ; 1690022425 ;   0.53 ;         1 
 testLong_interval_randPoint                                    ;  1 ; 2074856575 ;  15.92 ;         1 
 testLong_interval_rdivide                                      ;  1 ;  941760244 ;   5.10 ;         1 
 testLong_interval_sqrt                                         ;  1 ; 1616798537 ;   0.12 ;         1 
 testLong_interval_supportFunc                                  ;  1 ; 1298657987 ;   1.48 ;         1 
 testLong_interval_volume                                       ;  1 ; 1527188731 ;   0.05 ;         1 
 testLong_interval_zonotope                                     ;  1 ;  320418819 ;   0.10 ;         1 
 testLong_levelSet_plot                                         ;  1 ;  302579656 ;  27.99 ;         1 
 testLong_polyZonotope_contains                                 ;  1 ;  634974181 ;  36.87 ;         0 
 testLong_polyZonotope_cubMap                                   ;  1 ; 1496230341 ;   7.63 ;         0 
 testLong_polyZonotope_enclose                                  ;  1 ; 3486813646 ;  39.95 ;         1 
 testLong_polyZonotope_fhandle                                  ;  1 ;  800214278 ;   0.46 ;         1 
 testLong_polyZonotope_hessianHandle                            ;  1 ; 3326428301 ;   1.62 ;         1 
 testLong_polyZonotope_jacobian                                 ;  1 ; 2263841406 ;   1.52 ;         1 
 testLong_polyZonotope_jacobianHandle                           ;  1 ; 3880424613 ;   1.87 ;         1 
 testLong_polyZonotope_mtimes                                   ;  1 ; 1721141816 ;  47.74 ;         1 
 testLong_polyZonotope_plot                                     ;  1 ; 1211879101 ;   6.77 ;         1 
 testLong_polyZonotope_plotRandPoint                            ;  1 ; 3389732576 ;   0.10 ;         1 
 testLong_polyZonotope_plus                                     ;  1 ; 2532934082 ;  62.10 ;         1 
 testLong_polyZonotope_polyMap                                  ;  1 ; 3784650517 ;  11.57 ;         1 
 testLong_polyZonotope_polyZonotope                             ;  1 ;  218512714 ;   1.30 ;         1 
 testLong_polyZonotope_polygon                                  ;  1 ; 4284969414 ;   0.66 ;         1 
 testLong_polyZonotope_polytope                                 ;  1 ; 1600756270 ;  15.52 ;         1 
 testLong_polyZonotope_quadMap                                  ;  1 ; 2274353087 ;   1.65 ;         1 
 testLong_polyZonotope_randPoint                                ;  1 ; 1032898401 ;   0.81 ;         1 
 testLong_polyZonotope_reduce                                   ;  1 ; 2985927279 ;  45.76 ;         0 
 testLong_polyZonotope_resolve                                  ;  1 ;   71285429 ;   2.98 ;         1 
 testLong_polyZonotope_restructure                              ;  1 ;  202947099 ;   0.60 ;         1 
 testLong_polyZonotope_split                                    ;  1 ; 3089260216 ;  61.60 ;         0 
 testLong_polyZonotope_subs                                     ;  1 ; 1865683888 ;   4.16 ;         0 
 testLong_polyZonotope_supportFunc                              ;  1 ; 2937582695 ;   1.75 ;         1 
 testLong_polyZonotope_zonotope                                 ;  1 ; 4167895147 ;   0.18 ;         1 
 testLong_polygon_minkDiff                                      ;  1 ;  881419323 ; 120.15 ;         1 
 testLong_polygon_quadMap                                       ;  1 ; 1135935116 ;  41.68 ;         1 
 testLong_polytope_and                                          ;  1 ;   59934041 ;   2.47 ;         1 
 testLong_polytope_box                                          ;  1 ; 3554025204 ;  12.95 ;         1 
 testLong_polytope_center                                       ;  1 ;  116265786 ;   0.23 ;         1 
 testLong_polytope_compact                                      ;  1 ; 1943542429 ;  20.52 ;         1 
 testLong_polytope_conZonotope                                  ;  1 ; 2498655726 ;   4.79 ;         1 
 testLong_polytope_contains                                     ;  1 ; 1960325539 ;   5.97 ;         0 
 testLong_polytope_dim                                          ;  1 ; 3085627542 ;   0.08 ;         1 
 testLong_polytope_enclosePoints                                ;  1 ; 3092044354 ;   0.13 ;         1 
 testLong_polytope_generateRandom                               ;  1 ; 2414587033 ;   0.88 ;         1 
 testLong_polytope_isBounded                                    ;  1 ;  171722154 ;   0.80 ;         1 
 testLong_polytope_isFullDim                                    ;  1 ; 1964015987 ;  11.59 ;         1 
 testLong_polytope_isIntersecting                               ;  1 ;   27717648 ;   0.82 ;         1 
 testLong_polytope_isequal                                      ;  1 ;  781367985 ;   7.02 ;         1 
 testLong_polytope_minkDiff                                     ;  1 ; 1809520854 ;   1.81 ;         1 
 testLong_polytope_normalizeConstraints                         ;  1 ;  487791510 ;   0.04 ;         1 
 testLong_polytope_plotRandPoint                                ;  1 ; 4182213995 ;   1.73 ;         1 
 testLong_polytope_plus                                         ;  1 ; 1203913816 ;   0.02 ;         1 
 testLong_polytope_polytope                                     ;  1 ; 3445534769 ;   0.35 ;         1 
 testLong_polytope_representsa                                  ;  1 ; 2508257708 ;   0.56 ;         1 
 testLong_polytope_supportFunc                                  ;  1 ;  899753595 ;   3.52 ;         1 
 testLong_polytope_volume                                       ;  1 ;  104556600 ;   2.20 ;         1 
 testLong_spectraShadow_and                                     ;  1 ; 2348114777 ;  36.39 ;         1 
 testLong_spectraShadow_cartProd                                ;  1 ; 1412406243 ;   8.83 ;         1 
 testLong_spectraShadow_center                                  ;  1 ;   47012672 ;   1.40 ;         1 
 testLong_spectraShadow_conPolyZono                             ;  1 ; 2729683545 ;   0.46 ;         1 
 testLong_spectraShadow_conZonotope                             ;  1 ;  705174708 ;   1.80 ;         1 
 testLong_spectraShadow_contains                                ;  1 ; 1698227573 ;   8.81 ;         0 
 testLong_spectraShadow_convHull                                ;  1 ; 3703832593 ;   7.99 ;         1 
 testLong_spectraShadow_dim                                     ;  1 ; 3358341583 ;   0.07 ;         1 
 testLong_spectraShadow_enclose                                 ;  1 ; 1162845195 ;   3.26 ;         1 
 testLong_spectraShadow_generateESumRep                         ;  1 ; 1156004854 ;  24.57 ;         1 
 testLong_spectraShadow_generateRandom                          ;  1 ; 3480713114 ;   3.31 ;         0 
 testLong_spectraShadow_isBounded                               ;  1 ;  807585681 ;   1.36 ;         1 
 testLong_spectraShadow_isFullDim                               ;  1 ; 4163841152 ;   3.38 ;         1 
 testLong_spectraShadow_plot                                    ;  1 ;  560139594 ;  38.94 ;         1 
 testLong_spectraShadow_polyZonotope                            ;  1 ; 3909415468 ;   1.68 ;         1 
 testLong_spectraShadow_polytope                                ;  1 ;  614078155 ;  87.45 ;         1 
 testLong_spectraShadow_supportFunc                             ;  1 ; 1712479128 ;   4.02 ;         1 
 testLong_spectraShadow_zonoBundle                              ;  1 ; 2685299402 ;   1.94 ;         1 
 testLong_spectraShadow_zonotope                                ;  1 ;  387759699 ;   1.67 ;         1 
 testLong_bernsteinPoly                                         ;  1 ; 2680513728 ;   2.53 ;         1 
 testLong_globalOptimizer                                       ;  1 ;  266657663 ;   7.01 ;         1 
 testLong_taylm_division                                        ;  1 ;  866097917 ;  34.66 ;         1 
 testLong_taylm_optimizer                                       ;  1 ; 1431036586 ;  34.68 ;         1 
 testLong_taylm_plot                                            ;  1 ; 2969298532 ;   6.77 ;         1 
 testLong_taylm_reexpand                                        ;  1 ;  977543095 ;   3.89 ;         1 
 testLong_zonoBundle_contains                                   ;  1 ; 2122633067 ;  17.80 ;         0 
 testLong_zonotope_and                                          ;  1 ; 1201965780 ;   6.28 ;         1 
 testLong_zonotope_box                                          ;  1 ; 1005503138 ;   0.22 ;         1 
 testLong_zonotope_cartProd                                     ;  1 ;  973568698 ;   5.32 ;         1 
 testLong_zonotope_center                                       ;  1 ;  307210357 ;   0.69 ;         1 
 testLong_zonotope_compact                                      ;  1 ; 3362705806 ;   3.19 ;         1 
 testLong_zonotope_contains                                     ;  1 ; 2930501681 ;  17.13 ;         0 
 testLong_zonotope_contains_SadraddiniTedrake                   ;  1 ;  702718029 ;   0.30 ;         1 
 testLong_zonotope_convHull                                     ;  1 ; 2093787440 ;  10.27 ;         1 
 testLong_zonotope_cubMap                                       ;  1 ; 2668465350 ;   4.53 ;         1 
 testLong_zonotope_dim                                          ;  1 ; 2821338699 ;   0.05 ;         1 
 testLong_zonotope_ellipsoid                                    ;  1 ; 4133455111 ;  30.41 ;         1 
 testLong_zonotope_enclose                                      ;  1 ; 2601225407 ;   1.06 ;         1 
 testLong_zonotope_intersectStrip                               ;  1 ; 2382179437 ;   1.39 ;         1 
 testLong_zonotope_isFullDim                                    ;  1 ;  396368185 ;   9.10 ;         1 
 testLong_zonotope_isequal                                      ;  1 ; 3080540371 ;   3.66 ;         1 
 testLong_zonotope_minkDiff                                     ;  1 ; 3815890348 ;  12.84 ;         1 
 testLong_zonotope_minkDiff_2                                   ;  1 ;  461306344 ;  10.54 ;         1 
 testLong_zonotope_minkDiff_RaghuramanKoeln                     ;  1 ; 3925955385 ;  24.03 ;         1 
 testLong_zonotope_minnorm                                      ;  1 ; 3105364171 ;   0.60 ;         1 
 testLong_zonotope_norm                                         ;  1 ;  556396100 ;  31.18 ;         1 
 testLong_zonotope_plus                                         ;  1 ; 3612397504 ;   1.08 ;         1 
 testLong_zonotope_polytope                                     ;  1 ; 1758825248 ;   3.58 ;         1 
 testLong_zonotope_projVertices                                 ;  1 ;  799091947 ;   0.33 ;         1 
 testLong_zonotope_project                                      ;  1 ; 3416893294 ;   1.18 ;         1 
 testLong_zonotope_quadMap                                      ;  1 ; 3542863894 ;   3.97 ;         1 
 testLong_zonotope_randPoint                                    ;  1 ; 3399667627 ;  30.80 ;         1 
 testLong_zonotope_reduce                                       ;  1 ; 2896701345 ;  14.86 ;         1 
 testLong_zonotope_representsa                                  ;  1 ; 4113963610 ;   1.05 ;         1 
 testLong_zonotope_simplex                                      ;  1 ;  800883005 ;   0.51 ;         1 
 testLong_zonotope_supportFunc                                  ;  1 ; 3696873397 ;  21.09 ;         1 
 testLong_zonotope_zonotope                                     ;  1 ;  887004103 ;   0.75 ;         1 
 testLong_zonotope_zonotopeNorm                                 ;  1 ;  827306037 ;   5.96 ;         1 
 testLong_converter_commonocean2cora_NYM                        ;  1 ; 2234242726 ;  16.04 ;         1 
 testLong_converter_powerSystem2cora_IEEE30                     ;  1 ; 4005462803 ; 225.29 ;         1 
 testLong_converter_powerSystem2cora_indexForSubsystems         ;  1 ;   16648948 ;  13.38 ;         1 
 testLong_spaceex2cora_hybrid_bouncingball                      ;  1 ; 2228709052 ;   2.64 ;         1 
 testLong_spaceex2cora_hybrid_flat_01                           ;  1 ;  171742239 ;   4.66 ;         1 
 testLong_spaceex2cora_hybrid_flat_02                           ;  1 ; 1300606369 ;   4.71 ;         1 
 testLong_spaceex2cora_hybrid_flat_03                           ;  1 ; 2459881616 ;   6.76 ;         1 
 testLong_spaceex2cora_hybrid_lowpass                           ;  1 ; 2593432712 ;  10.88 ;         1 
 testLong_spaceex2cora_hybrid_parallel_01                       ;  1 ; 3366136118 ;   4.99 ;         1 
 testLong_spaceex2cora_hybrid_parallel_02                       ;  1 ; 1122022810 ;  21.47 ;         1 
 testLong_spaceex2cora_hybrid_spacecraft                        ;  1 ; 3289993445 ;   7.60 ;         1 
 testLong_spaceex2cora_linear_building                          ;  1 ; 3468065086 ;   5.86 ;         1 
 testLong_spaceex2cora_nonlinear_vanDerPol                      ;  1 ; 2142636536 ;   2.55 ;         1 
 testLong_generateRandomVerify                                  ;  1 ;  695074298 ;   5.00 ;         1 
 testLong_GJKalgorithm                                          ;  1 ; 2572503964 ;  29.48 ;         1 
 testLong_contract                                              ;  1 ; 2596367191 ;   8.93 ;         1 
 testLong_updateCORApath                                        ;  1 ; 2586739933 ;  14.72 ;         1 
 testLong_sparseOrthMatrix                                      ;  1 ; 3796981919 ;   0.26 ;         1 
 testLong_hybridAutomaton_reach04_guard_intersection_techniques ;  1 ; 2683828947 ;  19.60 ;         1 
 testLong_hybridAutomaton_reach_02_powerTrain                   ;  1 ;  330031364 ;  40.44 ;         1 
 testLong_hybridAutomaton_reach_03_spacecraft                   ;  1 ;  154191679 ;  26.69 ;         1 
 testLong_parallelHybridAutomaton_mergeFlows_01                 ;  1 ;  797392065 ;   2.60 ;         1 
 testLong_parallelHybridAutomaton_mergeFlows_02                 ;  1 ; 2110230089 ;   2.14 ;         1 
 testLong_parallelHybridAutomaton_mergeInvariants_01            ;  1 ;   92983448 ;   2.16 ;         1 
 testLong_parallelHybridAutomaton_mergeTransitionSets_01        ;  1 ; 2434534988 ;   8.89 ;         1 
 testLong_parallelHybridAutomaton_reach_comparison              ;  1 ; 1141612412 ;   8.64 ;         1 
 testLong_parallelHybridAutomaton_simulateRandom                ;  1 ;  531648844 ;  33.44 ;         1 
 testLong_transition_lift                                       ;  1 ; 4068592469 ;   3.80 ;         1 
 testLong_matZonotope_norm                                      ;  1 ; 1588557299 ;   0.20 ;         1 
 testLong_pointSegmentSignal_set                                ;  1 ; 3083227316 ; 123.76 ;         1 
 testLong_stl_modelCheckReachSet_01                             ;  1 ; 3644845952 ;  28.60 ;         1 
 testLong_stl_modelCheckReachSet_02                             ;  1 ; 3582714330 ;   1.73 ;         1 
 testLong_stl_modelCheckReachSet_oscillator                     ;  1 ;  185792511 ;  73.16 ;         1 
 testLong_stl_modelChecking_bouncingBall                        ;  1 ; 4093370572 ;  13.66 ;         1 
 testLong_stl_verifySTL_bouncingBall                            ;  1 ; 2815515019 ;  14.54 ;         1 


