# date: 06-Jun-2025 09:40:32
# dateEnd: 06-Jun-2025 13:26:23
# hostsystem: Unix
# matlabversion: 24.2.0.2712019 (R2024b)
# coraversion: CORA v2025.1.1
# testSuite: examples

                             fname                            ; ok ;    seed    ;   time  ; checkTime 

 example_linearParam_reach_01_rlc_const                       ;  1 ;  477067325 ;   95.68 ;         1 
 example_linearParam_reach_02_5dim_var                        ;  1 ;  591258497 ;    4.03 ;         1 
 example_linProbSys_reach_01_2dim                             ;  1 ; 2237424118 ;   52.99 ;         1 
 example_linProbSys_reach_02_5dim                             ;  1 ; 3341350875 ;   28.62 ;         1 
 example_linearARX_reach_01_compSS                            ;  1 ;  810445310 ;  119.58 ;         1 
 example_linearARX_reach_02_scal                              ;  1 ; 1426229787 ; 3204.97 ;         1 
 example_linearARX_simulate                                   ;  1 ;  786787304 ;    0.63 ;         1 
 example_linear_reachBackward_2D                              ;  1 ; 2179781190 ;   14.44 ;         1 
 example_linear_reachBackward_platoon                         ;  1 ;  525630870 ;   86.28 ;         1 
 example_linear_reachBackward_pursuitevasion                  ;  1 ; 1004863752 ;    0.66 ;         1 
 example_linear_reachBackward_quadrotor12D                    ;  1 ; 2100633994 ;    0.32 ;         1 
 example_linear_reachBackward_quadrotor6D                     ;  1 ;  243138670 ;   54.13 ;         1 
 example_linear_reach_01_5dim                                 ;  1 ;  309570995 ;    4.92 ;         1 
 example_linear_reach_02_5dim_rrt                             ;  1 ;  287584523 ;   60.88 ;         1 
 example_linear_reach_03_inputTrajectory                      ;  1 ;   42947150 ;   80.40 ;         1 
 example_linear_reach_04_adaptive                             ;  1 ; 3910867434 ;   25.15 ;         1 
 example_linear_reach_05_innerApprox                          ;  1 ; 3520087262 ;    1.96 ;         1 
 example_linear_reach_06_adaptive_electricCircuit             ;  1 ; 1279932306 ;   65.77 ;         1 
 example_linear_reach_07_temporalLogic                        ;  1 ; 2393523052 ;    0.98 ;         1 
 example_linear_verify                                        ;  1 ; 3330030150 ;    2.85 ;         1 
 example_linear_verify_electricCircuit                        ;  1 ; 2211832298 ;   65.86 ;         1 
 example_linear_verify_randomGeneration                       ;  1 ; 1348054355 ;    3.89 ;         1 
 example_linear_verify_temporalLogic                          ;  1 ;   36303770 ;   75.09 ;         1 
 example_linearSysDT_conform_01_pedestrians                   ;  1 ; 1656505986 ;    1.45 ;         1 
 example_linearSysDT_conform_02_2dim                          ;  1 ;   52790353 ;    0.32 ;         1 
 example_linearSysDT_conform_03_gray                          ;  1 ; 1670677353 ;    5.03 ;         1 
 example_linearSysDT_conform_04_LTV                           ;  1 ; 1380748926 ;    2.96 ;         1 
 example_linearSysDT_isconform_01_pedestrians                 ;  1 ; 1631425684 ;    0.64 ;         1 
 example_linearSysDT_observe_01_vehicle                       ;  1 ;  871143406 ;    0.04 ;         1 
 example_linearSysDT_observe_02_2dim                          ;  1 ; 4040317281 ;    0.54 ;         1 
 example_linearSysDT_observe_03_tank                          ;  1 ; 2736919520 ;   10.97 ;         1 
 example_linearSysDT_observe_04_pedestrian                    ;  1 ; 1800949086 ;    0.03 ;         1 
 example_linearSysDT_observe_CommonRoad                       ;  1 ; 1106945266 ;    8.29 ;         1 
 example_linearSysDT_observe_longitudinalCommonRoad           ;  1 ; 4247130022 ;    2.55 ;         1 
 example_linearSysDT_reach_01_5dim                            ;  1 ; 3500674253 ;    1.50 ;         1 
 example_linearSysDT_reach_02_5dim                            ;  1 ;  789844468 ;    1.79 ;         1 
 example_linearSysDT_reach_03_2dim_backOver                   ;  1 ; 3414831445 ;    2.96 ;         1 
 example_linearSysDT_reach_04_2dim_backUnder                  ;  1 ; 2233030254 ;    2.45 ;         1 
 example_linearSysDT_reach_05_6dim_backOverUnder              ;  1 ; 1857695846 ;   87.97 ;         1 
 example_linearSysDT_reach_06_6dim_backOverUnder              ;  1 ;   74131001 ;    0.89 ;         1 
 example_linearSysDT_reach_07_10dim_backOver                  ;  1 ; 3406758608 ;    0.00 ;         1 
 example_neuralNet_reach_01_unicycle                          ;  1 ; 2375237898 ;    7.41 ;         1 
 example_neuralNet_reach_02_ACC                               ;  1 ;  190445323 ;    4.89 ;         1 
 example_neuralNet_reach_03_TORA                              ;  1 ; 2910827486 ;   12.45 ;         1 
 example_neuralNet_reach_03_TORA_heterogeneousSigmoid         ;  1 ; 4261731246 ;    6.96 ;         1 
 example_neuralNet_reach_03_TORA_heterogeneousTanh            ;  1 ; 1419983835 ;    3.74 ;         1 
 example_neuralNet_reach_04_singlePendulum                    ;  1 ; 2072463560 ;    8.47 ;         1 
 example_neuralNet_reach_05_doublePendulum_lessRobust         ;  1 ;  972185355 ;    6.00 ;         1 
 example_neuralNet_reach_05_doublePendulum_moreRobust         ;  1 ; 1371453260 ;    5.30 ;         1 
 example_neuralNet_reach_06_airplane                          ;  1 ; 3752619245 ;    6.12 ;         1 
 example_neuralNet_reach_07_VCAS                              ;  1 ; 2009401239 ;    1.02 ;         1 
 example_neuralNet_reach_08_attitudeControl                   ;  1 ; 4186547773 ;    7.68 ;         1 
 example_neuralNet_reach_10_spacecraftDocking                 ;  1 ; 3296150792 ;  451.69 ;         1 
 example_neuralNet_reach_11_NAV                               ;  1 ; 3998479590 ;    5.87 ;         1 
 example_neuralNet_reach_12_cartPole                          ;  1 ; 1712179838 ;  305.85 ;         1 
 example_nonlinearDA_reach_01_powerSystem_3bus                ;  1 ; 2620295623 ;   59.70 ;         1 
 example_nonlinearDA_reach_02_swing1bus                       ;  1 ; 2345207476 ;  257.62 ;         1 
 example_nonlinearDA_reach_03_LPVSMIB                         ;  1 ;  247040561 ;  119.19 ;         1 
 example_nonlinearDA_reach_04_powerSystem_14bus               ;  1 ; 1303757997 ;  218.85 ;         1 
 example_nonlinearDA_reach_05_powerSystem_14bus_compositional ;  1 ; 2181625624 ;  465.39 ;         1 
 example_nonlinearDA_reach_06_powerSystem_30bus_compositional ;  1 ; 4210232109 ; 1066.07 ;         1 
 example_nonlinearDA_reach_07_3bus_adaptive                   ;  1 ; 3910855813 ;   18.65 ;         1 
 example_nonlinearDA_reach_08_SMIBswing_adaptive              ;  1 ; 1439703564 ;  130.43 ;         1 
 example_nonlinearDA_reach_09_SMIB_adaptive                   ;  1 ; 3453890808 ;  203.79 ;         1 
 example_nonlinearParam_reach_01_tank                         ;  1 ; 3846662149 ;   68.13 ;         1 
 example_nonlinearParam_reach_02_tank_certainCase             ;  1 ; 2575278991 ;   34.04 ;         1 
 example_nonlinearParam_reach_03_tank_linearRemainder         ;  1 ; 2016110485 ;    6.86 ;         1 
 example_nonlinearParam_reach_04_vanderPol_linearRemainder    ;  1 ; 1276507742 ;    5.95 ;         1 
 example_nonlinearARX_conform_01_white                        ;  1 ;  213754411 ;   32.09 ;         1 
 example_nonlinearARX_conform_02_gray                         ;  1 ; 4097835558 ;  708.94 ;         1 
 example_nonlinearARX_conform_03_black                        ;  1 ; 2713364347 ;   76.36 ;         1 
 example_nonlinearARX_reach                                   ;  1 ;   95028161 ;   12.13 ;         1 
 example_nonlinear_conform_01_autonomousCar                   ;  1 ;  748684892 ;    0.01 ;         1 
 example_nonlinear_isconform_01_autonomousCar                 ;  1 ; 2856616847 ;    0.00 ;         1 
 example_nonlinear_reachInner_01_brusselator                  ;  1 ; 1528429111 ;   40.27 ;         1 
 example_nonlinear_reachInner_02_biologicalModel              ;  1 ; 1340328583 ;  264.66 ;         1 
 example_nonlinear_reach_01_tank                              ;  1 ; 2116796019 ;   20.35 ;         1 
 example_nonlinear_reach_02_vanDerPol_polyZonotope            ;  1 ; 4145499922 ;   95.73 ;         1 
 example_nonlinear_reach_03_vanDerPol_splitting               ;  1 ; 2569587230 ;   14.95 ;         1 
 example_nonlinear_reach_04_laubLoomis_polyZonotope           ;  1 ; 3369166262 ;  635.55 ;         1 
 example_nonlinear_reach_05_autonomousCar                     ;  1 ;  225471298 ;   64.30 ;         1 
 example_nonlinear_reach_06_tank_linearRemainder              ;  1 ; 3391392538 ;    6.56 ;         1 
 example_nonlinear_reach_07_vanDerPol_linearRemainder         ;  1 ; 3340130466 ;  143.64 ;         1 
 example_nonlinear_reach_08_subset                            ;  1 ;  496984028 ;   21.19 ;         1 
 example_nonlinear_reach_09_drum                              ;  1 ; 2542058011 ;   44.96 ;         1 
 example_nonlinear_reach_10_pendulum                          ;  1 ; 3524490187 ;  146.66 ;         1 
 example_nonlinear_reach_11_innerApprox                       ;  1 ;  673631106 ;  120.27 ;         1 
 example_nonlinear_reach_12_adaptive                          ;  1 ; 3744460025 ;   10.31 ;         1 
 example_nonlinear_reach_13_adaptiveHSCC                      ;  1 ; 2556876457 ;  140.64 ;         1 
 example_nonlinear_reach_14_adaptiveHSCC2                     ;  1 ; 4163468945 ;  680.66 ;         1 
 example_nonlinear_reach_15_infiniteBusRoA                    ;  1 ; 1520349003 ;   47.14 ;         1 
 example_nonlinear_reach_16_infiniteBusRoA_polynomialized     ;  1 ; 3218328478 ;  118.30 ;         1 
 example_nonlinearSysDT_conform_01_white                      ;  1 ; 2470709709 ;   85.80 ;         1 
 example_nonlinearSysDT_conform_02_gray                       ;  1 ; 1769787810 ;  642.99 ;         1 
 example_nonlinearSysDT_conform_03_scal                       ;  1 ; 4106859136 ;  214.78 ;         1 
 example_nonlinearSysDT_observe_01_tank                       ;  1 ; 1273109264 ;   63.45 ;         1 
 example_nonlinearSysDT_reach_adaptive                        ;  1 ; 1924172089 ;   13.71 ;         1 
 example_nonlinearSysDT_reach_cstrDisc                        ;  1 ;  291390495 ;    3.95 ;         1 
 example_nonlinearSysDT_reach_tank                            ;  1 ; 3832596865 ;    9.66 ;         1 
 example_affine                                               ;  1 ; 2687086637 ;    0.22 ;         1 
 example_capsule                                              ;  1 ; 2974141614 ;    0.22 ;         1 
 example_conPolyZono                                          ;  1 ; 3966945674 ;   34.77 ;         1 
 example_conZonotope                                          ;  1 ; 3104902757 ;    0.32 ;         1 
 example_ellipsoid                                            ;  1 ;  922606951 ;    4.59 ;         1 
 example_interval                                             ;  1 ;  729521249 ;    0.07 ;         1 
 example_levelSet                                             ;  1 ; 2147903613 ;    3.32 ;         0 
 example_plot1Dsets                                           ;  1 ; 3924562391 ;    7.22 ;         1 
 example_plot_color                                           ;  1 ; 3411906694 ;    0.43 ;         1 
 example_plot_posXYZ                                          ;  1 ; 1354774468 ;    0.33 ;         1 
 example_polyZonotope                                         ;  1 ; 3350004019 ;    0.34 ;         1 
 example_polytope                                             ;  1 ;  872792504 ;    0.49 ;         1 
 example_probZonotope                                         ;  1 ;   96506325 ;    1.02 ;         1 
 example_spectraShadow                                        ;  1 ; 1697957042 ;    8.62 ;         0 
 example_taylm                                                ;  1 ;  640566343 ;    0.83 ;         1 
 example_zonoBundle                                           ;  1 ;  646430345 ;    0.15 ;         1 
 example_zonotope                                             ;  1 ; 3490287502 ;    0.15 ;         1 
 example_zoo                                                  ;  1 ;  431103015 ;    0.15 ;         1 
 example_polyZonotope_relaxExponents                          ;  1 ; 2924901049 ;    0.55 ;         1 
 example_zonotope_minkDiff                                    ;  1 ; 2221603099 ;   55.95 ;         1 
 example_commonocean2cora_ZAM                                 ;  1 ; 3817960836 ;    2.34 ;         1 
 example_converter_powerSystem2cora_IEEE30                    ;  1 ; 2926854934 ;   12.18 ;         1 
 example_converter_powerSystem2cora_all                       ;  1 ; 4022567614 ;    0.03 ;         1 
 example_converter_powerSystem2cora_specs                     ;  1 ;  362718609 ;    0.03 ;         1 
 example_probOccupancyPrediction_carReachCircles              ;  1 ;  964684746 ;    0.19 ;         1 
 example_probOccupancyPrediction_road_01_braking              ;  1 ;  852304647 ;   13.28 ;         1 
 example_testCase_ACC2012Test                                 ;  1 ; 2978395852 ;   11.77 ;         1 
 example_testCase_Pellegrini2009Test                          ;  1 ; 3930329867 ;    0.57 ;         1 
 example_CORAtable                                            ;  1 ; 3198701764 ;    0.69 ;         1 
 example_hybrid_reach_01_bouncingBall                         ;  1 ; 3683644674 ;    2.14 ;         1 
 example_hybrid_reach_02_powerTrain                           ;  1 ; 1926403605 ;   48.04 ;         1 
 example_hybrid_reach_03_PLLnoSat                             ;  1 ;  421317744 ;   44.71 ;         1 
 example_hybrid_reach_04_spacecraft                           ;  1 ;  476714681 ;   77.44 ;         1 
 example_hybrid_reach_05_roomHeating                          ;  1 ; 2693007988 ;   36.22 ;         1 
 example_hybrid_reach_06_bouncingBallSineWave                 ;  1 ; 3226488454 ;   39.33 ;         1 
 example_parallel_hybrid_01_neuralNetwork                     ;  1 ; 4175333802 ;   43.68 ;         1 
 example_parallel_hybrid_02_lowPassFilter                     ;  1 ; 4034899633 ;   48.03 ;         1 
 example_parallel_hybrid_03_roomHeating                       ;  1 ;  307488881 ;   42.06 ;         1 
 example_manual_contract                                      ;  1 ; 1117450826 ;    0.59 ;         1 
 example_manual_globVerMinimization                           ;  1 ; 1689508149 ;    5.90 ;         1 
 example_manual_intKaucher                                    ;  1 ; 4201165232 ;    0.05 ;         1 
 example_manual_neuralNetwork                                 ;  1 ; 2697484889 ;    0.08 ;         1 
 example_manual_specification                                 ;  1 ; 2495376082 ;    0.16 ;         1 
 example_manual_stl                                           ;  1 ; 3997021034 ;    0.02 ;         1 
 example_manual_taylm_composition                             ;  1 ; 1721530777 ;    0.09 ;         1 
 example_manual_taylm_interval                                ;  1 ; 2803463635 ;    0.03 ;         1 
 example_manual_taylm_symbolic                                ;  1 ; 2755661736 ;    0.10 ;         1 
 example_manual_linParamSys                                   ;  1 ; 4212301895 ;    0.02 ;         1 
 example_manual_linProbSys                                    ;  1 ; 1606943116 ;    0.01 ;         1 
 example_manual_linearARX                                     ;  1 ;  134913687 ;    0.01 ;         1 
 example_manual_linearSys                                     ;  1 ; 3639770288 ;    0.01 ;         1 
 example_manual_linearSysDT                                   ;  1 ;   84371839 ;    0.01 ;         1 
 example_manual_neurNetContrSys                               ;  1 ; 1023483680 ;    0.10 ;         1 
 example_manual_nonlinDASys                                   ;  1 ; 1939318813 ;    0.77 ;         1 
 example_manual_nonlinParamSys                                ;  1 ; 1289871272 ;    0.37 ;         1 
 example_manual_nonlinearSys                                  ;  1 ; 2325185045 ;    0.13 ;         1 
 example_manual_nonlinearSysDT                                ;  1 ; 1485047051 ;    0.05 ;         1 
 example_manual_conform                                       ;  1 ; 2396497189 ;    0.41 ;         1 
 example_manual_observe                                       ;  1 ; 3251464402 ;    0.43 ;         1 
 example_manual_reach                                         ;  1 ; 3104316207 ;    1.41 ;         1 
 example_manual_reachInner                                    ;  1 ; 4057817345 ;   47.59 ;         1 
 example_manual_simulate                                      ;  1 ; 3346610844 ;    0.26 ;         1 
 example_manual_simulateRandom                                ;  1 ; 4266169602 ;    1.35 ;         1 
 example_manual_verify                                        ;  1 ; 1654476704 ;    0.67 ;         1 
 example_manual_bouncing_ball_construction                    ;  1 ; 1593503658 ;    0.06 ;         1 
 example_manual_guard_intersection                            ;  1 ;  155597086 ;    0.30 ;         1 
 example_manual_example_capsule                               ;  1 ; 2063621977 ;    0.17 ;         1 
 example_manual_example_conPolyZono                           ;  1 ; 3327068269 ;   33.64 ;         1 
 example_manual_example_conZonotope_constraints               ;  1 ;  617926948 ;    0.52 ;         1 
 example_manual_example_conZonotope_zonotope                  ;  1 ;   92087514 ;    0.21 ;         1 
 example_manual_example_ellipsoid                             ;  1 ; 3447158848 ;    2.37 ;         1 
 example_manual_example_interval                              ;  1 ; 3184558784 ;    0.15 ;         1 
 example_manual_example_intervalMatrix                        ;  1 ;  667908949 ;    0.07 ;         1 
 example_manual_example_levelSet                              ;  1 ; 3752047384 ;    3.01 ;         1 
 example_manual_example_matPolytope                           ;  1 ; 1057493275 ;    0.07 ;         1 
 example_manual_example_matZonotope                           ;  1 ; 3174514078 ;    0.02 ;         1 
 example_manual_example_polyZonotope                          ;  1 ; 3167801706 ;    0.39 ;         1 
 example_manual_example_polytope                              ;  1 ; 1149897932 ;    0.47 ;         1 
 example_manual_example_probZonotope                          ;  1 ; 2780261527 ;    0.38 ;         1 
 example_manual_example_spectraShadow                         ;  1 ;  172303222 ;    4.11 ;         1 
 example_manual_example_zonoBundle                            ;  1 ;  506825218 ;    0.13 ;         1 
 example_manual_example_zonotope                              ;  1 ; 2780886267 ;    0.34 ;         1 
 example_manual_and                                           ;  1 ; 1287303867 ;    0.13 ;         1 
 example_manual_cartProd                                      ;  1 ;  866318099 ;    0.06 ;         1 
 example_manual_convHull                                      ;  1 ; 2750749529 ;    0.23 ;         1 
 example_manual_cubMap                                        ;  1 ; 4215576567 ;    0.32 ;         1 
 example_manual_enclose                                       ;  1 ;  225853169 ;    9.59 ;         1 
 example_manual_enclosePoints                                 ;  1 ; 3793558976 ;    0.13 ;         1 
 example_manual_enlarge                                       ;  1 ; 1399242310 ;    0.07 ;         1 
 example_manual_generateRandom                                ;  1 ; 3229367602 ;    0.07 ;         1 
 example_manual_linComb                                       ;  1 ;  856563615 ;   26.03 ;         1 
 example_manual_minkDiff                                      ;  1 ; 1472793478 ;    0.11 ;         1 
 example_manual_mtimes                                        ;  1 ;   75247066 ;    0.08 ;         1 
 example_manual_or                                            ;  1 ; 3030166812 ;    0.07 ;         1 
 example_manual_plot                                          ;  1 ; 2646901494 ;    0.07 ;         1 
 example_manual_plus                                          ;  1 ; 4073197980 ;    0.07 ;         1 
 example_manual_quadMap                                       ;  1 ; 2404028074 ;    0.37 ;         1 
 example_manual_randPoint                                     ;  1 ; 3900292883 ;    0.09 ;         1 
 example_manual_reduce                                        ;  1 ; 2491039494 ;    0.07 ;         1 
 example_manual_supportFunc                                   ;  1 ; 1566259245 ;    0.29 ;         1 
 example_manual_contains                                      ;  1 ; 2815140198 ;    0.11 ;         1 
 example_manual_isIntersecting                                ;  1 ; 3614708254 ;    0.06 ;         1 
 example_manual_representsa                                   ;  1 ; 1022826013 ;    0.14 ;         1 
 example_manual_center                                        ;  1 ; 2436523336 ;    0.06 ;         1 
 example_manual_norm                                          ;  1 ; 3742112965 ;    0.06 ;         1 
 example_manual_vertices                                      ;  1 ; 3795536258 ;    0.06 ;         1 
 example_manual_volume                                        ;  1 ; 3996541089 ;    0.06 ;         1 
 example_volume                                               ;  1 ; 1627423804 ;    0.06 ;         1 
 example_manual_capsule                                       ;  1 ; 2566615835 ;    0.07 ;         1 
 example_manual_conPolyZono                                   ;  1 ;  122061403 ;    0.80 ;         1 
 example_manual_conZonotope                                   ;  1 ; 4090941163 ;    0.13 ;         1 
 example_manual_conZonotope_constraints                       ;  1 ; 1533042304 ;    0.31 ;         1 
 example_manual_conZonotope_zonotope                          ;  1 ; 2523846324 ;    0.11 ;         1 
 example_manual_ellipsoid                                     ;  1 ;  517149971 ;    0.06 ;         1 
 example_manual_interval                                      ;  1 ;  708625886 ;    0.06 ;         1 
 example_manual_levelSet                                      ;  1 ; 1820475604 ;    0.45 ;         1 
 example_manual_polyZonotope                                  ;  1 ; 3460985638 ;    0.32 ;         1 
 example_manual_polyZonotope_construction                     ;  1 ; 2757169508 ;    0.82 ;         1 
 example_manual_polytope                                      ;  1 ; 3618086489 ;    0.07 ;         1 
 example_manual_probZonotope                                  ;  1 ; 2672875623 ;    0.20 ;         1 
 example_manual_spectraShadow                                 ;  1 ;  131017171 ;    3.36 ;         1 
 example_manual_taylm                                         ;  1 ;  176409376 ;    0.71 ;         1 
 example_manual_zonoBundle                                    ;  1 ; 4062153672 ;    0.07 ;         1 
 example_manual_zonotope                                      ;  1 ;  949696136 ;    0.06 ;         1 
 example_manual_zonotope_construction                         ;  1 ; 1213693757 ;    0.14 ;         1 
 example_zonotope_construction                                ;  1 ; 2385887249 ;    0.13 ;         1 
 example_manual_matrixSet_expm                                ;  1 ; 3743767148 ;    0.09 ;         1 
 example_manual_matrixSet_mtimes                              ;  1 ; 2223438666 ;    0.09 ;         1 
 example_manual_matrixSet_plus                                ;  1 ;  998086346 ;    0.00 ;         1 
 example_manual_matrixSet_vertices                            ;  1 ; 3974001365 ;    0.05 ;         1 
 example_manual_intervalMatrix                                ;  1 ; 3803317376 ;    0.00 ;         1 
 example_manual_matPolytope                                   ;  1 ; 2224609642 ;    0.00 ;         1 
 example_manual_matZonotope                                   ;  1 ; 4096785298 ;    0.00 ;         1 
 example_intervalMatrix                                       ;  1 ; 3130363870 ;    0.01 ;         1 
 example_matPolytope                                          ;  1 ; 1455267689 ;    0.01 ;         1 
 example_matZonotope                                          ;  1 ; 3818403539 ;    0.01 ;         1 
 example_gnn_uncertain_message_passing                        ;  1 ; 2939385041 ;    2.99 ;         1 
 example_neuralNetwork_cnn                                    ;  1 ;   92169571 ;    7.28 ;         1 
 example_neuralNetwork_evaluate_adaptive                      ;  1 ;  259991287 ;    0.80 ;         1 
 example_neuralNetwork_explain                                ;  1 ; 2444015589 ;  194.89 ;         1 
 example_neuralNetwork_rl_agentDDPG_Quad1D                    ;  1 ;  877173605 ;  368.16 ;         1 
 example_neuralNetwork_train                                  ;  1 ; 2441735944 ;   24.05 ;         1 
 example_neuralNetwork_verify_safe                            ;  1 ; 2982963999 ;    1.79 ;         1 
 example_neuralNetwork_verify_unsafe                          ;  1 ; 3330804386 ;    2.34 ;         1 
 example_nnActivationLayer_enclosure_01_regression            ;  1 ;  797233095 ;    0.40 ;         1 
 example_nnActivationLayer_enclosure_02_comparison            ;  1 ;  654371489 ;    0.24 ;         1 
 example_stl_bouncingBall                                     ;  1 ; 1009411487 ;   13.12 ;         1 
 example_stl_geneticOscillator                                ;  1 ;  376816538 ;    0.01 ;         1 
 example_stl_roomHeating                                      ;  1 ;  612930406 ;   22.99 ;         1 


