<?xml version="1.0" encoding="iso-8859-1"?>
<sspaceex xmlns="http://www-verimag.imag.fr/xml-namespaces/sspaceex" version="0.2" math="SpaceEx">
  <component id="filter1_template">
    <param name="x1" type="real" local="false" d1="1" d2="1" dynamics="any" />
    <param name="x2" type="real" local="false" d1="1" d2="1" dynamics="any" />
    <param name="u1_1" type="real" local="false" d1="1" d2="1" dynamics="any" />
    <param name="y1" type="real" local="false" d1="1" d2="1" dynamics="any" />
    <location id="1" name="loc1_11" x="621.0" y="127.0" width="590.0" height="100.0">
      <invariant>x1 &gt; -1.097840 &amp; x1 &lt; 1.097840 &amp; x2 &gt; -2.698928 &amp; x2 &lt; 2.698928 &amp; y1 == x1</invariant>
      <flow>x1' = -10.21587*x1 + 20.13684457 &amp; x2' = -200.2418*x2 + u1_1 - 400.4898478</flow>
    </location>
    <location id="2" name="loc1_21" x="973.0" y="418.0" width="582.0" height="96.0">
      <invariant>x1 &gt; -1.629461 &amp; x1 &lt; 0.3718705 &amp; x2 &gt; -2.653889 &amp; x2 &lt; 2.705073 &amp; y1 == x2</invariant>
      <flow>x1' = -14.58328*x1 + 33.95001456 &amp; x2' = -205.3664*x2 + u1_1 - 632.6889324</flow>
    </location>
    <location id="3" name="loc1_31" x="338.0" y="417.0" width="580.0" height="106.0">
      <invariant>x1 &gt; -0.3718705 &amp; x1 &lt; 1.629461 &amp; x2 &gt; -2.705073 &amp; x2 &lt; 2.653899 &amp; y1 == x2</invariant>
      <flow>x1' = -14.58328*x1 + 7.87473456 &amp; x2' = -205.3664*x2 + u1_1 - 146.7527324</flow>
    </location>
    <transition source="1" target="2">
      <label>trans1_1121</label>
      <guard>x1 &gt; -1.107840 &amp; x1 &lt; -1.087840 &amp; x2 &gt; -2.698928 &amp; x2 &lt; 2.698928</guard>
      <assignment>x1 := x1 + 1.071580 &amp; x2 := x2 - 1.301798</assignment>
      <labelposition x="-120.0" y="-4.0" width="100.0" height="76.0" />
    </transition>
    <transition source="1" target="3">
      <label>trans1_1131</label>
      <guard>x1 &gt; 1.087840 &amp; x1 &lt; 1.107840 &amp; x2 &gt; -2.698928 &amp; x2 &lt; 2.698928</guard>
      <assignment>x1 := x1 - 1.071580 &amp; x2 := x2 + 1.301798</assignment>
      <labelposition x="-153.0" y="-48.0" width="130.0" height="80.0" />
      <middlepoint x="281.5" y="268.0" />
    </transition>
    <transition source="2" target="1">
      <label>trans1_2111</label>
      <guard>x1 &gt; 0.3618705 &amp; x1 &lt; 0.3818705 &amp; x2 &gt; -2.653899 &amp; x2 &lt; 2.705073</guard>
      <assignment>x1 := x1 &amp; x2 := x2</assignment>
      <labelposition x="34.0" y="-32.0" width="114.0" height="68.0" />
      <middlepoint x="942.0" y="249.5" />
    </transition>
    <transition source="3" target="1">
      <label>trans1_3111</label>
      <guard>x1 &gt; -0.3818705 &amp; x1 &lt; -0.3618705 &amp; x2 &gt; -2.705073 &amp; x2 &lt; 2.653899</guard>
      <assignment>x1 := x1 &amp; x2 := x2</assignment>
      <labelposition x="18.0" y="-2.0" width="118.0" height="74.0" />
    </transition>
  </component>
  <component id="filter2_template">
    <param name="x3" type="real" local="false" d1="1" d2="1" dynamics="any" />
    <param name="x4" type="real" local="false" d1="1" d2="1" dynamics="any" />
    <param name="u2_1" type="real" local="false" d1="1" d2="1" dynamics="any" controlled="false" />
    <location id="1" name="loc2_11" x="588.0" y="169.0" width="576.0" height="110.0">
      <invariant>x3 &gt; -1.350712 &amp; x3 &lt; 0.9670362 &amp; x4 &gt; -2.504938 &amp; x4 &lt; 1.562432</invariant>
      <flow>x3' = -12.65885*x3 - 2.92283193 &amp; x4' = -47.25145*x4 + u2_1 + 8.0628348</flow>
    </location>
    <location id="2" name="loc2_21" x="1084.0" y="403.0" width="520.0" height="114.0">
      <invariant>x3 &gt; -0.9670362 &amp; x3 &lt; 1.350712 &amp; x4 &gt; 1.562432 &amp; x4 &lt; 2.504938</invariant>
      <flow>x3' = -12.65885*x3 - 43.04013293 &amp; x4' = -47.25145*x4 +u2_1  + 118.7291948</flow>
    </location>
    <location id="3" name="loc2_31" x="349.0" y="489.0" width="542.0" height="122.0">
      <invariant>x3 &gt; -2.251641 &amp; x3 &lt; 2.251641 &amp; x4 &gt; -2.580417 &amp; x4 &lt; 2.580417</invariant>
      <flow>x3' = -10.07836*x3 - 26.0284288 &amp; x4' = -40.16005*x4 + u2_1 + 79.7753009</flow>
    </location>
    <transition source="1" target="3">
      <label>trans2_1131</label>
      <guard>x3 &gt; 0.9570362 &amp; x3 &lt; 0.9770362 &amp; x4 &gt; -2.504938 &amp; x4 &lt; 1.562432</guard>
      <assignment>x3 := x3 &amp; x4 := x4</assignment>
      <labelposition x="14.0" y="-12.0" width="120.0" height="78.0" />
      <middlepoint x="403.5" y="322.5" />
    </transition>
    <transition source="2" target="3">
      <label>trans2_2131</label>
      <guard>x3 &gt; -0.9770362 &amp; x3 &lt; -0.9570362 &amp; x4 &gt; -1.562432 &amp; x4 &lt; 2.504938</guard>
      <assignment>x3 := x3 &amp; x4 := x4</assignment>
      <labelposition x="-70.0" y="21.0" width="134.0" height="82.0" />
      <middlepoint x="783.0" y="542.5" />
    </transition>
    <transition source="3" target="1">
      <label>trans2_3111</label>
      <guard>x3 &gt; -2.261641 &amp; x3 &lt; -2.241641 &amp; x4 &gt; -2.580417 &amp; x4 &lt; 2.580417</guard>
      <assignment>x3 := x3 + 2.089598 &amp; x4 := x4 - 1.797423</assignment>
      <labelposition x="-151.0" y="-37.0" width="146.0" height="82.0" />
      <middlepoint x="205.5" y="314.5" />
    </transition>
    <transition source="3" target="2">
      <label>trans2_3121</label>
      <guard>x3 &gt; 2.241641 &amp; x3 &lt; 2.261641 &amp; x4 &gt; -2.580417 &amp; x4 &lt; 2.580417</guard>
      <assignment>x3 := x3 - 2.089598 &amp; x4 := x4 + 1.797423</assignment>
      <labelposition x="-23.0" y="-80.0" width="144.0" height="84.0" />
      <middlepoint x="619.0" y="365.5" />
    </transition>
  </component>
  <component id="system">
    <param name="x1" type="real" local="false" d1="1" d2="1" dynamics="any" controlled="true" x="601.0" y="153.0" />
    <param name="x2" type="real" local="false" d1="1" d2="1" dynamics="any" controlled="true" x="643.0" y="154.0" />
    <param name="u1" type="real" local="false" d1="1" d2="1" dynamics="any" controlled="true" x="648.0" y="262.0" />
    <param name="x3" type="real" local="false" d1="1" d2="1" dynamics="any" controlled="true" x="603.0" y="310.0" />
    <param name="x4" type="real" local="false" d1="1" d2="1" dynamics="any" controlled="true" x="649.0" y="310.0" />
    <param name="y1" type="real" local="false" d1="1" d2="1" dynamics="any" controlled="true" x="360.0" y="297.0" />
    <bind component="filter1_template" as="filter1" x="478.0" y="220.0" width="92.0" height="80.0">
      <map key="x1">x1</map>
      <map key="x2">x2</map>
      <map key="u1_1">u1</map>
      <map key="y1">y1</map>
    </bind>
    <bind component="filter2_template" as="filter2" x="475.0" y="360.0" width="96.0" height="82.0">
      <map key="x3">x3</map>
      <map key="x4">x4</map>
        <map key="u2_1">y1</map>
    </bind>
  </component>
</sspaceex>

